<!DOCTYPE beans PUBLIC "-//SPRING//DTD BEAN//EN"  
            "http://www.springframework.org/dtd/spring-beans-2.0.dtd">
<beans>

	<!--  Datasources -->
	<bean id="dataSource" class="org.apache.commons.dbcp.BasicDataSource" destroy-method="close">
		<property name="driverClassName" value="org.hsqldb.jdbcDriver"/>
		<property name="url" value="jdbc:hsqldb:file:database.dat;shutdown=true"/>
		<property name="username" value="sa"/>
		<property name="password" value=""/>
	</bean>
	
	<!-- Templates -->
	<bean id="jdbcTemplate" class="org.springframework.jdbc.core.JdbcTemplate">
		<constructor-arg ref="dataSource"/>
	</bean>
	
	
	<!--  DAO Beans -->
	<bean id="bookDao" class="com.virtualpairprogrammers.avalon.data.BookDaoCleanerJdbcImpl" init-method="createTables">
		<constructor-arg ref="jdbcTemplate"/>
		
	</bean>
	
	
	<!--  Service beans -->
	<bean id="accountsService" 
          class="com.virtualpairprogrammers.avalon.services.AccountsServiceMockImpl"/>

    <bean id="bookServiceTarget"       
          class="com.virtualpairprogrammers.avalon.services.BookServiceProductionImpl">
          
          <constructor-arg ref="bookDao"/>
          
    </bean>

    <bean id="purchasingService"       
	   	  class="com.virtualpairprogrammers.avalon.services.PurchasingServiceImpl">
	   	  
		<constructor-arg ref="bookServiceTarget"/>
		<constructor-arg ref="accountsService"/>	   	  

	</bean>
	
	<!-- Advice -->
	<bean id="loggingAdvice" class="com.virtualpairprogrammers.avalon.advice.PerformanceTimingAdvice"/>
	
	<!-- Generated Proxies -->
	<bean id="bookService" class="org.springframework.aop.framework.ProxyFactoryBean">
	
		<property name="proxyInterfaces" value="com.virtualpairprogrammers.avalon.services.BookService"/>
		
		<property name="interceptorNames">
			<list>
				<value>loggingAdvice</value>
			</list>
		</property>
		
		<property name="target" ref="bookServiceTarget"/>
	
	</bean>
	
	   	  
</beans>

