<beans xmlns="http://www.springframework.org/schema/beans"
	xmlns:xsi="http://www.w3.org/2001/XMLSchema-instance"
	xmlns:aop="http://www.springframework.org/schema/aop"
	xmlns:tx="http://www.springframework.org/schema/tx"
	xmlns:context="http://www.springframework.org/schema/context"
	xsi:schemaLocation="http://www.springframework.org/schema/aop http://www.springframework.org/schema/aop/spring-aop.xsd
		http://www.springframework.org/schema/beans http://www.springframework.org/schema/beans/spring-beans.xsd
		http://www.springframework.org/schema/tx http://www.springframework.org/schema/tx/spring-tx.xsd
		http://www.springframework.org/schema/context http://www.springframework.org/schema/context/spring-context.xsd">

	<!-- Transaction Manager for the Project -->
	<bean id="transactionManager" class="org.springframework.jdbc.datasource.DataSourceTransactionManager" autowire="byType"/>
		
	<!--  Datasources -->
	<bean id="dataSource" class="org.apache.commons.dbcp.BasicDataSource" destroy-method="close">
		<property name="driverClassName" value="org.hsqldb.jdbcDriver"/>
		<property name="url" value="jdbc:hsqldb:file:database.dat;shutdown=true"/>
		<property name="username" value="sa"/>
		<property name="password" value=""/>
	</bean>
	
	<!-- Templates -->
	<bean id="jdbcTemplate" class="org.springframework.jdbc.core.JdbcTemplate" autowire="constructor"/>

	<!--  Tells spring to search for AOP annotations -->
	<aop:aspectj-autoproxy/>
	   	  
	<!--  Transaction Configuration -->
	<tx:annotation-driven/>
	
	<context:component-scan base-package="com.virtualpairprogrammers" />	
	   	  
</beans>

