<!DOCTYPE beans PUBLIC "-//SPRING//DTD BEAN//EN"  
            "http://www.springframework.org/dtd/spring-beans-2.0.dtd">
<beans>

	<!--  Data source -->
	<bean id="dataSource" class="org.apache.commons.dbcp.BasicDataSource" destroy-method="close">
		<property name="driverClassName" value="org.hsqldb.jdbcDriver"/>
		<property name="url" value="jdbc:hsqldb:file:database.dat;shutdown=true"/>
		<property name="username" value="sa"/>
		<property name="password" value=""/>
	</bean>

	<!--  Templates -->
	<bean id="template" class="org.springframework.jdbc.core.JdbcTemplate">
		<property name="dataSource" ref="dataSource"/>
	</bean>

	<!--  DAOs -->
	<bean id="customerDao" class="com.virtualpairprogrammers.dataaccess.CustomerDaoJdbcTemplateImpl" init-method="createTables">
		<constructor-arg ref="template"/>
	</bean>
	
	<bean id="actionDao" class="com.virtualpairprogrammers.dataaccess.ActionDaoJdbcImpl" init-method="createTables">
		<constructor-arg ref="template"/>
	</bean>

	<!--  Service Beans -->
	<bean id="customerService" class="com.virtualpairprogrammers.services.customers.CustomerManagementServiceProductionImpl">
		<constructor-arg ref="customerDao"/>
	</bean>
	
	<bean id="diaryService" class="com.virtualpairprogrammers.services.diary.DiaryManagementServiceProductionImpl">
		<constructor-arg ref="actionDao"/>
	</bean>
	
	<bean id="callService" class="com.virtualpairprogrammers.services.calls.CallHandlingServiceImpl">	
		<constructor-arg ref="customerService"/>
		<constructor-arg ref="diaryService"/>	
	</bean>

</beans>
