<?xml version="1.0" encoding="UTF-8"?>
<beans xmlns="http://www.springframework.org/schema/beans"
	xmlns:xsi="http://www.w3.org/2001/XMLSchema-instance"
	xmlns:context="http://www.springframework.org/schema/context"
	xmlns:mvc="http://www.springframework.org/schema/mvc"
	
	xsi:schemaLocation="http://www.springframework.org/schema/beans 
	                    http://www.springframework.org/schema/beans/spring-beans.xsd
	                    http://www.springframework.org/schema/context http://www.springframework.org/schema/context/spring-context.xsd
	                    http://www.springframework.org/schema/mvc 
	                    http://www.springframework.org/schema/mvc/spring-mvc.xsd">

	<!--  We need to autowire the controllers -->
	<context:component-scan base-package="com.virtualpairprogrammers.webcontrollers"/>
	<context:component-scan base-package="com.virtualpairprogrammers.restcontrollers"/>
	
	<bean id="myMessageConverter" class="com.virtualpairprogrammers.restcontrollers.MyJacksonMessageConverter"/>

	<!-- This will automatically switch on the default httpmessageconverters -->
	<mvc:annotation-driven content-negotiation-manager="contentNegotiationManager">
		<mvc:message-converters register-defaults="true">
			<bean class="org.springframework.http.converter.json.MappingJackson2HttpMessageConverter">
				<property name="objectMapper" ref="myMessageConverter"></property>
			</bean>
		</mvc:message-converters>
	</mvc:annotation-driven>
	
	<bean id="contentNegotiationManager" class="org.springframework.web.accept.ContentNegotiationManagerFactoryBean">
		<property name="favorPathExtension" value="false"/>
		
		<property name="favorParameter" value="true"/>
		
		<property name="parameterName" value="mediaType"/>
		
		<property name="mediaTypes">
			<map>
				<entry key="json" value="application/json"></entry>
				<entry key="xml" value="application/xml"></entry>				
			</map>
		</property>
		
		<property name="ignoreAcceptHeader" value="false"/>
	</bean>
	
	<!--  added to ensure that CSS/image resources are not mapped to a controller -->
	<mvc:resources mapping="/css/**" location="/css/" />
	<mvc:resources mapping="/images/**" location="/images/" />
	

</beans>